{
    "ndcg": 0.33655692620218697,
    "map": 0.1532563358740535,
    "p": 0.21515151515151526,
    "r": 0.2465076737847222
}