{
    "ndcg": 0.31417146522950395,
    "map": 0.14376442494207356,
    "p": 0.20151515151515165,
    "r": 0.22255716702714734
}