{
    "ndcg": 0.3479275468054469,
    "map": 0.16127809985791441,
    "p": 0.22171717171717184,
    "r": 0.27489196284534534
}