{
    "ndcg": 0.34185891998540424,
    "map": 0.1615581271112261,
    "p": 0.21515151515151515,
    "r": 0.25027771641365165
}