{
    "ndcg": 0.3397654851007623,
    "map": 0.16188196428828064,
    "p": 0.21515151515151532,
    "r": 0.25473616942293104
}