{
    "ndcg": 0.1691723670096578,
    "map": 0.055809955157218816,
    "p": 0.11515151515151519,
    "r": 0.12629225453364046
}