{
    "ndcg": 0.36327693768133307,
    "map": 0.17188744345905996,
    "p": 0.22676767676767695,
    "r": 0.28352959407263995
}